epidemiological_week,date,order_for_place,state,city,city_ibge_code,place_type,last_available_confirmed,last_available_confirmed_per_100k_inhabitants,new_confirmed,last_available_deaths,new_deaths,last_available_death_rate,estimated_population,is_last,is_repeated
202123,2021-06-06,452,PE,Recife,2611606,city,124626,7537.28089,0,4339,0,0.0348,1653461,False,True
202122,2021-06-05,451,PE,Recife,2611606,city,124626,7537.28089,848,4339,15,0.0348,1653461,True,False
202122,2021-06-04,450,PE,Recife,2611606,city,123778,7485.99453,75,4324,7,0.0349,1653461,False,False
202122,2021-06-03,449,PE,Recife,2611606,city,123703,7481.45859,810,4317,26,0.0349,1653461,False,False
202122,2021-06-02,448,PE,Recife,2611606,city,122893,7432.47044,584,4291,16,0.0349,1653461,False,False
202122,2021-06-01,447,PE,Recife,2611606,city,122309,7397.15058,908,4275,23,0.035,1653461,False,False
202122,2021-05-31,446,PE,Recife,2611606,city,121401,7342.23547,505,4252,10,0.035,1653461,False,False
202122,2021-05-30,445,PE,Recife,2611606,city,120896,7311.69347,572,4242,9,0.0351,1653461,False,False
202121,2021-05-29,444,PE,Recife,2611606,city,120324,7277.09937,961,4233,21,0.0352,1653461,False,False
202121,2021-05-28,443,PE,Recife,2611606,city,119363,7218.97886,86,4212,21,0.0353,1653461,False,False
202121,2021-05-27,442,PE,Recife,2611606,city,119277,7213.77765,565,4191,25,0.0351,1653461,False,False
202121,2021-05-26,441,PE,Recife,2611606,city,118712,7179.6069,493,4166,11,0.0351,1653461,False,False
202121,2021-05-25,440,PE,Recife,2611606,city,118219,7149.79065,912,4155,28,0.0351,1653461,False,False
202121,2021-05-24,439,PE,Recife,2611606,city,117307,7094.63362,448,4127,3,0.0352,1653461,False,False
202121,2021-05-23,438,PE,Recife,2611606,city,116859,7067.53894,744,4124,4,0.0353,1653461,False,False
202120,2021-05-22,437,PE,Recife,2611606,city,116115,7022.54241,257,4120,8,0.0355,1653461,False,False
202120,2021-05-21,436,PE,Recife,2611606,city,115858,7006.99926,635,4112,12,0.0355,1653461,False,False
202120,2021-05-20,435,PE,Recife,2611606,city,115223,6968.59497,533,4100,19,0.0356,1653461,False,False
202120,2021-05-19,434,PE,Recife,2611606,city,114690,6936.35955,667,4081,12,0.0356,1653461,False,False
202120,2021-05-18,433,PE,Recife,2611606,city,114023,6896.01992,1171,4069,18,0.0357,1653461,False,False
202120,2021-05-17,432,PE,Recife,2611606,city,112852,6825.19878,72,4051,5,0.0359,1653461,False,False
202120,2021-05-16,431,PE,Recife,2611606,city,112780,6820.84428,644,4046,-1,0.0359,1653461,False,False
202119,2021-05-15,430,PE,Recife,2611606,city,112136,6781.89567,706,4047,17,0.0361,1653461,False,False
202119,2021-05-14,429,PE,Recife,2611606,city,111430,6739.19736,546,4030,15,0.0362,1653461,False,False
202119,2021-05-13,428,PE,Recife,2611606,city,110884,6706.17571,423,4015,26,0.0362,1653461,False,False
202119,2021-05-12,427,PE,Recife,2611606,city,110461,6680.59301,531,3989,19,0.0361,1653461,False,False
202119,2021-05-11,426,PE,Recife,2611606,city,109930,6648.47855,622,3970,20,0.0361,1653461,False,False
202119,2021-05-10,425,PE,Recife,2611606,city,109308,6610.86049,1435,3950,5,0.0361,1653461,False,False
202119,2021-05-09,424,PE,Recife,2611606,city,107873,6524.07284,100,3945,1,0.0366,1653461,False,False
202118,2021-05-08,423,PE,Recife,2611606,city,107773,6518.02492,730,3944,18,0.0366,1653461,False,False
202118,2021-05-07,422,PE,Recife,2611606,city,107043,6473.8751,618,3926,11,0.0367,1653461,False,False
202118,2021-05-06,421,PE,Recife,2611606,city,106425,6436.49896,1289,3915,35,0.0368,1653461,False,False
202118,2021-05-05,420,PE,Recife,2611606,city,105136,6358.54127,0,3880,0,0.0369,1653461,False,True
202118,2021-05-04,419,PE,Recife,2611606,city,105136,6358.54127,678,3880,27,0.0369,1653461,False,False
202118,2021-05-03,418,PE,Recife,2611606,city,104458,6317.53637,303,3853,7,0.0369,1653461,False,False
202118,2021-05-02,417,PE,Recife,2611606,city,104155,6299.21117,97,3846,15,0.0369,1653461,False,False
202117,2021-05-01,416,PE,Recife,2611606,city,104058,6293.34469,410,3831,21,0.0368,1653461,False,False
202117,2021-04-30,415,PE,Recife,2611606,city,103648,6268.54821,327,3810,19,0.0368,1653461,False,False
202117,2021-04-29,414,PE,Recife,2611606,city,103321,6248.77152,784,3791,31,0.0367,1653461,False,False
202117,2021-04-28,413,PE,Recife,2611606,city,102537,6201.35582,685,3760,37,0.0367,1653461,False,False
202117,2021-04-27,412,PE,Recife,2611606,city,101852,6159.92757,837,3723,25,0.0366,1653461,False,False
202117,2021-04-26,411,PE,Recife,2611606,city,101015,6109.30648,250,3698,12,0.0366,1653461,False,False
202117,2021-04-25,410,PE,Recife,2611606,city,100765,6094.18668,222,3686,17,0.0366,1653461,False,False
202116,2021-04-24,409,PE,Recife,2611606,city,100543,6080.7603,432,3669,11,0.0365,1653461,False,False
202116,2021-04-23,408,PE,Recife,2611606,city,100111,6054.63328,395,3658,19,0.0365,1653461,False,False
202116,2021-04-22,407,PE,Recife,2611606,city,99716,6030.744,423,3639,17,0.0365,1653461,False,False
202116,2021-04-21,406,PE,Recife,2611606,city,99293,6005.1613,750,3622,20,0.0365,1653461,False,False
202116,2021-04-20,405,PE,Recife,2611606,city,98543,5959.80189,734,3602,14,0.0366,1653461,False,False
202116,2021-04-19,404,PE,Recife,2611606,city,97809,5915.41016,565,3588,7,0.0367,1653461,False,False
202116,2021-04-18,403,PE,Recife,2611606,city,97244,5881.23941,649,3581,10,0.0368,1653461,False,False
202115,2021-04-17,402,PE,Recife,2611606,city,96595,5841.98841,199,3571,16,0.037,1653461,False,False
202115,2021-04-16,401,PE,Recife,2611606,city,96396,5829.95305,249,3555,11,0.0369,1653461,False,False
202115,2021-04-15,400,PE,Recife,2611606,city,96147,5814.89373,184,3544,10,0.0369,1653461,False,False
202115,2021-04-14,399,PE,Recife,2611606,city,95963,5803.76556,707,3534,22,0.0368,1653461,False,False
202115,2021-04-13,398,PE,Recife,2611606,city,95256,5761.00676,834,3512,12,0.0369,1653461,False,False
202115,2021-04-12,397,PE,Recife,2611606,city,94422,5710.56711,257,3500,5,0.0371,1653461,False,False
202115,2021-04-11,396,PE,Recife,2611606,city,94165,5695.02395,287,3495,9,0.0371,1653461,False,False
202114,2021-04-10,395,PE,Recife,2611606,city,93878,5677.66642,637,3486,4,0.0371,1653461,False,False
202114,2021-04-09,394,PE,Recife,2611606,city,93241,5639.14117,645,3482,7,0.0373,1653461,False,False
202114,2021-04-08,393,PE,Recife,2611606,city,92596,5600.13209,809,3475,30,0.0375,1653461,False,False
202114,2021-04-07,392,PE,Recife,2611606,city,91787,5551.20441,957,3445,13,0.0375,1653461,False,False
202114,2021-04-06,391,PE,Recife,2611606,city,90830,5493.32582,394,3432,6,0.0378,1653461,False,False
202114,2021-04-05,390,PE,Recife,2611606,city,90436,5469.49701,296,3426,15,0.0379,1653461,False,False
202114,2021-04-04,389,PE,Recife,2611606,city,90140,5451.59517,267,3411,3,0.0378,1653461,False,False
202113,2021-04-03,388,PE,Recife,2611606,city,89873,5435.44722,494,3408,-1,0.0379,1653461,False,False
202113,2021-04-02,387,PE,Recife,2611606,city,89379,5405.5705,719,3409,18,0.0381,1653461,False,False
202113,2021-04-01,386,PE,Recife,2611606,city,88660,5362.08595,861,3391,22,0.0382,1653461,False,False
202113,2021-03-31,385,PE,Recife,2611606,city,87799,5310.01336,880,3369,14,0.0384,1653461,False,False
202113,2021-03-30,384,PE,Recife,2611606,city,86919,5256.79166,480,3355,17,0.0386,1653461,False,False
202113,2021-03-29,383,PE,Recife,2611606,city,86439,5227.76165,103,3338,13,0.0386,1653461,False,False
202113,2021-03-28,382,PE,Recife,2611606,city,86336,5221.53229,242,3325,1,0.0385,1653461,False,False
202112,2021-03-27,381,PE,Recife,2611606,city,86094,5206.89632,1390,3324,34,0.0386,1653461,False,False
202112,2021-03-26,380,PE,Recife,2611606,city,84704,5122.83023,0,3290,0,0.0388,1653461,False,True
202112,2021-03-25,379,PE,Recife,2611606,city,84704,5122.83023,859,3290,8,0.0388,1653461,False,False
202112,2021-03-24,378,PE,Recife,2611606,city,83845,5070.8786,971,3282,6,0.0391,1653461,False,False
202112,2021-03-23,377,PE,Recife,2611606,city,82874,5012.1533,871,3276,33,0.0395,1653461,False,False
202112,2021-03-22,376,PE,Recife,2611606,city,82003,4959.47591,0,3243,0,0.0395,1653461,False,True
202112,2021-03-21,375,PE,Recife,2611606,city,82003,4959.47591,519,3243,5,0.0395,1653461,False,False
202111,2021-03-20,374,PE,Recife,2611606,city,81484,4928.08721,761,3238,5,0.0397,1653461,False,False
202111,2021-03-19,373,PE,Recife,2611606,city,80723,4882.06253,740,3233,16,0.0401,1653461,False,False
202111,2021-03-18,372,PE,Recife,2611606,city,79983,4837.30793,637,3217,8,0.0402,1653461,False,False
202111,2021-03-17,371,PE,Recife,2611606,city,79346,4798.78267,603,3209,17,0.0404,1653461,False,False
202111,2021-03-16,370,PE,Recife,2611606,city,78743,4762.31372,626,3192,24,0.0405,1653461,False,False
202111,2021-03-15,369,PE,Recife,2611606,city,78117,4724.45374,934,3168,7,0.0406,1653461,False,False
202111,2021-03-14,368,PE,Recife,2611606,city,77183,4667.96616,0,3161,0,0.041,1653461,False,True
202110,2021-03-13,367,PE,Recife,2611606,city,77183,4667.96616,842,3161,30,0.041,1653461,False,False
202110,2021-03-12,366,PE,Recife,2611606,city,76341,4617.04268,0,3131,0,0.041,1653461,False,True
202110,2021-03-11,365,PE,Recife,2611606,city,76341,4617.04268,0,3131,0,0.041,1653461,False,True
202110,2021-03-10,364,PE,Recife,2611606,city,76341,4617.04268,262,3131,6,0.041,1653461,False,False
202110,2021-03-09,363,PE,Recife,2611606,city,76079,4601.19713,134,3125,1,0.0411,1653461,False,False
202110,2021-03-08,362,PE,Recife,2611606,city,75945,4593.09291,133,3124,13,0.0411,1653461,False,False
202110,2021-03-07,361,PE,Recife,2611606,city,75812,4585.04918,47,3111,1,0.041,1653461,False,False
202109,2021-03-06,360,PE,Recife,2611606,city,75765,4582.20666,376,3110,11,0.041,1653461,False,False
202109,2021-03-05,359,PE,Recife,2611606,city,75389,4559.46648,235,3099,12,0.0411,1653461,False,False
202109,2021-03-04,358,PE,Recife,2611606,city,75154,4545.25386,392,3087,2,0.0411,1653461,False,False
202109,2021-03-03,357,PE,Recife,2611606,city,74762,4521.54602,513,3085,11,0.0413,1653461,False,False
202109,2021-03-02,356,PE,Recife,2611606,city,74249,4490.52019,848,3074,2,0.0414,1653461,False,False
202109,2021-03-01,355,PE,Recife,2611606,city,73401,4439.23383,0,3072,0,0.0419,1653461,False,True
202109,2021-02-28,354,PE,Recife,2611606,city,73401,4439.23383,287,3072,9,0.0419,1653461,False,False
202108,2021-02-27,353,PE,Recife,2611606,city,73114,4421.87629,413,3063,7,0.0419,1653461,False,False
202108,2021-02-26,352,PE,Recife,2611606,city,72701,4396.89838,485,3056,7,0.042,1653461,False,False
202108,2021-02-25,351,PE,Recife,2611606,city,72216,4367.56597,316,3049,3,0.0422,1653461,False,False
202108,2021-02-24,350,PE,Recife,2611606,city,71900,4348.45454,439,3046,7,0.0424,1653461,False,False
202108,2021-02-23,349,PE,Recife,2611606,city,71461,4321.90418,499,3039,9,0.0425,1653461,False,False
202108,2021-02-22,348,PE,Recife,2611606,city,70962,4291.72505,480,3030,5,0.0427,1653461,False,False
202108,2021-02-21,347,PE,Recife,2611606,city,70482,4262.69504,568,3025,1,0.0429,1653461,False,False
202107,2021-02-20,346,PE,Recife,2611606,city,69914,4228.34285,104,3024,9,0.0433,1653461,False,False
202107,2021-02-19,345,PE,Recife,2611606,city,69810,4222.05301,467,3015,6,0.0432,1653461,False,False
202107,2021-02-18,344,PE,Recife,2611606,city,69343,4193.80923,1287,3009,9,0.0434,1653461,False,False
202107,2021-02-17,343,PE,Recife,2611606,city,68056,4115.9725,705,3000,2,0.0441,1653461,False,False
202107,2021-02-16,342,PE,Recife,2611606,city,67351,4073.33466,469,2998,10,0.0445,1653461,False,False
202107,2021-02-15,341,PE,Recife,2611606,city,66882,4044.96991,534,2988,6,0.0447,1653461,False,False
202107,2021-02-14,340,PE,Recife,2611606,city,66348,4012.67402,610,2982,3,0.0449,1653461,False,False
202106,2021-02-13,339,PE,Recife,2611606,city,65738,3975.78171,687,2979,6,0.0453,1653461,False,False
202106,2021-02-12,338,PE,Recife,2611606,city,65051,3934.2325,537,2973,4,0.0457,1653461,False,False
202106,2021-02-11,337,PE,Recife,2611606,city,64514,3901.75517,603,2969,4,0.046,1653461,False,False
202106,2021-02-10,336,PE,Recife,2611606,city,63911,3865.28621,415,2965,8,0.0464,1653461,False,False
202106,2021-02-09,335,PE,Recife,2611606,city,63496,3840.18734,602,2957,9,0.0466,1653461,False,False
202106,2021-02-08,334,PE,Recife,2611606,city,62894,3803.77886,531,2948,1,0.0469,1653461,False,False
202106,2021-02-07,333,PE,Recife,2611606,city,62363,3771.66441,611,2947,6,0.0473,1653461,False,False
202105,2021-02-06,332,PE,Recife,2611606,city,61752,3734.71161,473,2941,11,0.0476,1653461,False,False
202105,2021-02-05,331,PE,Recife,2611606,city,61279,3706.10495,495,2930,5,0.0478,1653461,False,False
202105,2021-02-04,330,PE,Recife,2611606,city,60784,3676.16775,446,2925,17,0.0481,1653461,False,False
202105,2021-02-03,329,PE,Recife,2611606,city,60338,3649.19402,468,2908,2,0.0482,1653461,False,False
202105,2021-02-02,328,PE,Recife,2611606,city,59870,3620.88976,306,2906,8,0.0485,1653461,False,False
202105,2021-02-01,327,PE,Recife,2611606,city,59564,3602.38312,331,2898,1,0.0487,1653461,False,False
202105,2021-01-31,326,PE,Recife,2611606,city,59233,3582.36451,394,2897,2,0.0489,1653461,False,False
202104,2021-01-30,325,PE,Recife,2611606,city,58839,3558.5357,672,2895,3,0.0492,1653461,False,False
202104,2021-01-29,324,PE,Recife,2611606,city,58167,3517.89368,327,2892,4,0.0497,1653461,False,False
202104,2021-01-28,323,PE,Recife,2611606,city,57840,3498.11698,293,2888,2,0.0499,1653461,False,False
202104,2021-01-27,322,PE,Recife,2611606,city,57547,3480.39657,476,2886,9,0.0502,1653461,False,False
202104,2021-01-26,321,PE,Recife,2611606,city,57071,3451.60847,415,2877,4,0.0504,1653461,False,False
202104,2021-01-25,320,PE,Recife,2611606,city,56656,3426.50961,222,2873,0,0.0507,1653461,False,False
202104,2021-01-24,319,PE,Recife,2611606,city,56434,3413.08322,100,2873,5,0.0509,1653461,False,False
202103,2021-01-23,318,PE,Recife,2611606,city,56334,3407.0353,107,2868,8,0.0509,1653461,False,False
202103,2021-01-22,317,PE,Recife,2611606,city,56227,3400.56403,404,2860,1,0.0509,1653461,False,False
202103,2021-01-21,316,PE,Recife,2611606,city,55823,3376.13043,386,2859,11,0.0512,1653461,False,False
202103,2021-01-20,315,PE,Recife,2611606,city,55437,3352.78546,255,2848,15,0.0514,1653461,False,False
202103,2021-01-19,314,PE,Recife,2611606,city,55182,3337.36326,229,2833,7,0.0513,1653461,False,False
202103,2021-01-18,313,PE,Recife,2611606,city,54953,3323.51353,93,2826,1,0.0514,1653461,False,False
202103,2021-01-17,312,PE,Recife,2611606,city,54860,3317.88896,193,2825,17,0.0515,1653461,False,False
202102,2021-01-16,311,PE,Recife,2611606,city,54667,3306.21648,146,2808,10,0.0514,1653461,False,False
202102,2021-01-15,310,PE,Recife,2611606,city,54521,3297.38651,289,2798,6,0.0513,1653461,False,False
202102,2021-01-14,309,PE,Recife,2611606,city,54232,3279.90802,251,2792,10,0.0515,1653461,False,False
202102,2021-01-13,308,PE,Recife,2611606,city,53981,3264.72774,342,2782,12,0.0515,1653461,False,False
202102,2021-01-12,307,PE,Recife,2611606,city,53639,3244.04386,406,2770,19,0.0516,1653461,False,False
202102,2021-01-11,306,PE,Recife,2611606,city,53233,3219.4893,95,2751,0,0.0517,1653461,False,False
202102,2021-01-10,305,PE,Recife,2611606,city,53138,3213.74378,360,2751,2,0.0518,1653461,False,False
202101,2021-01-09,304,PE,Recife,2611606,city,52778,3191.97127,141,2749,23,0.0521,1653461,False,False
202101,2021-01-08,303,PE,Recife,2611606,city,52637,3183.4437,129,2726,11,0.0518,1653461,False,False
202101,2021-01-07,302,PE,Recife,2611606,city,52508,3175.64188,444,2715,9,0.0517,1653461,False,False
202101,2021-01-06,301,PE,Recife,2611606,city,52064,3148.78912,214,2706,7,0.052,1653461,False,False
202101,2021-01-05,300,PE,Recife,2611606,city,51850,3135.84657,350,2699,2,0.0521,1653461,False,False
202101,2021-01-04,299,PE,Recife,2611606,city,51500,3114.67885,254,2697,1,0.0524,1653461,False,False
202101,2021-01-03,298,PE,Recife,2611606,city,51246,3099.31713,0,2696,0,0.0526,1653461,False,True
202053,2021-01-02,297,PE,Recife,2611606,city,51246,3099.31713,158,2696,1,0.0526,1653461,False,False
202053,2021-01-01,296,PE,Recife,2611606,city,51088,3089.76142,287,2695,0,0.0528,1653461,False,False
202053,2020-12-31,295,PE,Recife,2611606,city,50801,3072.40388,583,2695,6,0.0531,1653461,False,False
202053,2020-12-30,294,PE,Recife,2611606,city,50218,3037.14451,679,2689,6,0.0535,1653461,False,False
202053,2020-12-29,293,PE,Recife,2611606,city,49539,2996.07913,537,2683,-3,0.0542,1653461,False,False
202053,2020-12-28,292,PE,Recife,2611606,city,49002,2963.6018,308,2686,4,0.0548,1653461,False,False
202053,2020-12-27,291,PE,Recife,2611606,city,48694,2944.97421,391,2682,8,0.0551,1653461,False,False
202052,2020-12-26,290,PE,Recife,2611606,city,48303,2921.32684,165,2674,1,0.0554,1653461,False,False
202052,2020-12-25,289,PE,Recife,2611606,city,48138,2911.34777,253,2673,8,0.0555,1653461,False,False
202052,2020-12-24,288,PE,Recife,2611606,city,47885,2896.04654,310,2665,12,0.0557,1653461,False,False
202052,2020-12-23,287,PE,Recife,2611606,city,47575,2877.29798,544,2653,8,0.0558,1653461,False,False
202052,2020-12-22,286,PE,Recife,2611606,city,47031,2844.3973,617,2645,3,0.0562,1653461,False,False
202052,2020-12-21,285,PE,Recife,2611606,city,46414,2807.08163,262,2642,2,0.0569,1653461,False,False
202052,2020-12-20,284,PE,Recife,2611606,city,46152,2791.23608,14,2640,6,0.0572,1653461,False,False
202051,2020-12-19,283,PE,Recife,2611606,city,46138,2790.38937,345,2634,13,0.0571,1653461,False,False
202051,2020-12-18,282,PE,Recife,2611606,city,45793,2769.52405,261,2621,10,0.0572,1653461,False,False
202051,2020-12-17,281,PE,Recife,2611606,city,45532,2753.73898,387,2611,10,0.0573,1653461,False,False
202051,2020-12-16,280,PE,Recife,2611606,city,45145,2730.33352,673,2601,2,0.0576,1653461,False,False
202051,2020-12-15,279,PE,Recife,2611606,city,44472,2689.63102,195,2599,3,0.0584,1653461,False,False
202051,2020-12-14,278,PE,Recife,2611606,city,44277,2677.83758,76,2596,5,0.0586,1653461,False,False
202051,2020-12-13,277,PE,Recife,2611606,city,44201,2673.24116,75,2591,1,0.0586,1653461,False,False
202050,2020-12-12,276,PE,Recife,2611606,city,44126,2668.70522,270,2590,3,0.0587,1653461,False,False
202050,2020-12-11,275,PE,Recife,2611606,city,43856,2652.37583,491,2587,5,0.059,1653461,False,False
202050,2020-12-10,274,PE,Recife,2611606,city,43365,2622.68055,285,2582,8,0.0595,1653461,False,False
202050,2020-12-09,273,PE,Recife,2611606,city,43080,2605.44397,275,2574,2,0.0597,1653461,False,False
202050,2020-12-08,272,PE,Recife,2611606,city,42805,2588.81219,293,2572,-1,0.0601,1653461,False,False
202050,2020-12-07,271,PE,Recife,2611606,city,42512,2571.09179,322,2573,5,0.0605,1653461,False,False
202050,2020-12-06,270,PE,Recife,2611606,city,42190,2551.61749,141,2568,4,0.0609,1653461,False,False
202049,2020-12-05,269,PE,Recife,2611606,city,42049,2543.08992,180,2564,2,0.061,1653461,False,False
202049,2020-12-04,268,PE,Recife,2611606,city,41869,2532.20366,150,2562,4,0.0612,1653461,False,False
202049,2020-12-03,267,PE,Recife,2611606,city,41719,2523.13178,269,2558,1,0.0613,1653461,False,False
202049,2020-12-02,266,PE,Recife,2611606,city,41450,2506.86288,228,2557,7,0.0617,1653461,False,False
202049,2020-12-01,265,PE,Recife,2611606,city,41222,2493.07362,484,2550,7,0.0619,1653461,False,False
202049,2020-11-30,264,PE,Recife,2611606,city,40738,2463.80169,202,2543,0,0.0624,1653461,False,False
202049,2020-11-29,263,PE,Recife,2611606,city,40536,2451.58489,22,2543,0,0.0627,1653461,False,False
202048,2020-11-28,262,PE,Recife,2611606,city,40514,2450.25435,395,2543,8,0.0628,1653461,False,False
202048,2020-11-27,261,PE,Recife,2611606,city,40119,2426.36506,163,2535,1,0.0632,1653461,False,False
202048,2020-11-26,260,PE,Recife,2611606,city,39956,2416.50695,84,2534,4,0.0634,1653461,False,False
202048,2020-11-25,259,PE,Recife,2611606,city,39872,2411.4267,397,2530,7,0.0635,1653461,False,False
202048,2020-11-24,258,PE,Recife,2611606,city,39475,2387.41646,209,2523,7,0.0639,1653461,False,False
202048,2020-11-23,257,PE,Recife,2611606,city,39266,2374.7763,226,2516,0,0.0641,1653461,False,False
202048,2020-11-22,256,PE,Recife,2611606,city,39040,2361.108,78,2516,0,0.0644,1653461,False,False
202047,2020-11-21,255,PE,Recife,2611606,city,38962,2356.39063,273,2516,7,0.0646,1653461,False,False
202047,2020-11-20,254,PE,Recife,2611606,city,38689,2339.8798,163,2509,2,0.0649,1653461,False,False
202047,2020-11-19,253,PE,Recife,2611606,city,38526,2330.02169,156,2507,2,0.0651,1653461,False,False
202047,2020-11-18,252,PE,Recife,2611606,city,38370,2320.58694,200,2505,4,0.0653,1653461,False,False
202047,2020-11-17,251,PE,Recife,2611606,city,38170,2308.4911,166,2501,3,0.0655,1653461,False,False
202047,2020-11-16,250,PE,Recife,2611606,city,38004,2298.45155,261,2498,0,0.0657,1653461,False,False
202047,2020-11-15,249,PE,Recife,2611606,city,37743,2282.66648,-2,2498,1,0.0662,1653461,False,False
202046,2020-11-14,248,PE,Recife,2611606,city,37745,2282.78744,183,2497,3,0.0662,1653461,False,False
202046,2020-11-13,247,PE,Recife,2611606,city,37562,2271.71974,42,2494,1,0.0664,1653461,False,False
202046,2020-11-12,246,PE,Recife,2611606,city,37520,2269.17962,53,2493,6,0.0664,1653461,False,False
202046,2020-11-11,245,PE,Recife,2611606,city,37467,2265.97422,194,2487,3,0.0664,1653461,False,False
202046,2020-11-10,244,PE,Recife,2611606,city,37273,2254.24126,121,2484,4,0.0666,1653461,False,False
202046,2020-11-09,243,PE,Recife,2611606,city,37152,2246.92327,32,2480,1,0.0668,1653461,False,False
202046,2020-11-08,242,PE,Recife,2611606,city,37120,2244.98794,52,2479,0,0.0668,1653461,False,False
202045,2020-11-07,241,PE,Recife,2611606,city,37068,2241.84302,-43,2479,4,0.0669,1653461,False,False
202045,2020-11-06,240,PE,Recife,2611606,city,37111,2244.44362,215,2475,2,0.0667,1653461,False,False
202045,2020-11-05,239,PE,Recife,2611606,city,36896,2231.4406,118,2473,4,0.067,1653461,False,False
202045,2020-11-04,238,PE,Recife,2611606,city,36778,2224.30405,77,2469,10,0.0671,1653461,False,False
202045,2020-11-03,237,PE,Recife,2611606,city,36701,2219.64715,13,2459,1,0.067,1653461,False,False
202045,2020-11-02,236,PE,Recife,2611606,city,36688,2218.86092,22,2458,0,0.067,1653461,False,False
202045,2020-11-01,235,PE,Recife,2611606,city,36666,2217.53038,-64,2458,0,0.067,1653461,False,False
202044,2020-10-31,234,PE,Recife,2611606,city,36730,2221.40105,143,2458,8,0.0669,1653461,False,False
202044,2020-10-30,233,PE,Recife,2611606,city,36587,2212.75252,56,2450,2,0.067,1653461,False,False
202044,2020-10-29,232,PE,Recife,2611606,city,36531,2209.36569,89,2448,0,0.067,1653461,False,False
202044,2020-10-28,231,PE,Recife,2611606,city,36442,2203.98304,146,2448,6,0.0672,1653461,False,False
202044,2020-10-27,230,PE,Recife,2611606,city,36296,2195.15308,112,2442,0,0.0673,1653461,False,False
202044,2020-10-26,229,PE,Recife,2611606,city,36184,2188.37941,9,2442,1,0.0675,1653461,False,False
202044,2020-10-25,228,PE,Recife,2611606,city,36175,2187.83509,21,2441,2,0.0675,1653461,False,False
202043,2020-10-24,227,PE,Recife,2611606,city,36154,2186.56503,96,2439,3,0.0675,1653461,False,False
202043,2020-10-23,226,PE,Recife,2611606,city,36058,2180.75903,95,2436,0,0.0676,1653461,False,False
202043,2020-10-22,225,PE,Recife,2611606,city,35963,2175.0135,-1,2436,2,0.0677,1653461,False,False
202043,2020-10-21,224,PE,Recife,2611606,city,35964,2175.07398,134,2434,2,0.0677,1653461,False,False
202043,2020-10-20,223,PE,Recife,2611606,city,35830,2166.96977,122,2432,3,0.0679,1653461,False,False
202043,2020-10-19,222,PE,Recife,2611606,city,35708,2159.59131,24,2429,0,0.068,1653461,False,False
202043,2020-10-18,221,PE,Recife,2611606,city,35684,2158.1398,245,2429,4,0.0681,1653461,False,False
202042,2020-10-17,220,PE,Recife,2611606,city,35439,2143.3224,0,2425,0,0.0684,1653461,False,True
202042,2020-10-16,219,PE,Recife,2611606,city,35439,2143.3224,0,2425,0,0.0684,1653461,False,True
202042,2020-10-15,218,PE,Recife,2611606,city,35439,2143.3224,0,2425,0,0.0684,1653461,False,True
202042,2020-10-14,217,PE,Recife,2611606,city,35439,2143.3224,106,2425,2,0.0684,1653461,False,False
202042,2020-10-13,216,PE,Recife,2611606,city,35333,2136.91161,10,2423,0,0.0686,1653461,False,False
202042,2020-10-12,215,PE,Recife,2611606,city,35323,2136.30681,10,2423,0,0.0686,1653461,False,False
202042,2020-10-11,214,PE,Recife,2611606,city,35313,2135.70202,52,2423,0,0.0686,1653461,False,False
202041,2020-10-10,213,PE,Recife,2611606,city,35261,2132.5571,102,2423,1,0.0687,1653461,False,False
202041,2020-10-09,212,PE,Recife,2611606,city,35159,2126.38822,57,2422,3,0.0689,1653461,False,False
202041,2020-10-08,211,PE,Recife,2611606,city,35102,2122.94091,21,2419,2,0.0689,1653461,False,False
202041,2020-10-07,210,PE,Recife,2611606,city,35081,2121.67085,173,2417,3,0.0689,1653461,False,False
202041,2020-10-06,209,PE,Recife,2611606,city,34908,2111.20795,120,2414,1,0.0692,1653461,False,False
202041,2020-10-05,208,PE,Recife,2611606,city,34788,2103.95044,-15,2413,6,0.0694,1653461,False,False
202041,2020-10-04,207,PE,Recife,2611606,city,34803,2104.85763,7,2407,2,0.0692,1653461,False,False
202040,2020-10-03,206,PE,Recife,2611606,city,34796,2104.43427,61,2405,3,0.0691,1653461,False,False
202040,2020-10-02,205,PE,Recife,2611606,city,34735,2100.74504,102,2402,8,0.0692,1653461,False,False
202040,2020-10-01,204,PE,Recife,2611606,city,34633,2094.57616,90,2394,2,0.0691,1653461,False,False
202040,2020-09-30,203,PE,Recife,2611606,city,34543,2089.13304,94,2392,3,0.0692,1653461,False,False
202040,2020-09-29,202,PE,Recife,2611606,city,34449,2083.44799,257,2389,4,0.0693,1653461,False,False
202040,2020-09-28,201,PE,Recife,2611606,city,34192,2067.90484,13,2385,0,0.0698,1653461,False,False
202040,2020-09-27,200,PE,Recife,2611606,city,34179,2067.11861,10,2385,0,0.0698,1653461,False,False
202039,2020-09-26,199,PE,Recife,2611606,city,34169,2066.51382,99,2385,5,0.0698,1653461,False,False
202039,2020-09-25,198,PE,Recife,2611606,city,34070,2060.52637,71,2380,0,0.0699,1653461,False,False
202039,2020-09-24,197,PE,Recife,2611606,city,33999,2056.23235,90,2380,17,0.07,1653461,False,False
202039,2020-09-23,196,PE,Recife,2611606,city,33909,2050.78922,63,2363,3,0.0697,1653461,False,False
202039,2020-09-22,195,PE,Recife,2611606,city,33846,2046.97903,113,2360,2,0.0697,1653461,False,False
202039,2020-09-21,194,PE,Recife,2611606,city,33733,2040.14488,160,2358,1,0.0699,1653461,False,False
202039,2020-09-20,193,PE,Recife,2611606,city,33573,2030.46821,375,2357,-2,0.0702,1653461,False,False
202038,2020-09-19,192,PE,Recife,2611606,city,33198,2007.78851,120,2359,10,0.0711,1653461,False,False
202038,2020-09-18,191,PE,Recife,2611606,city,33078,2000.53101,119,2349,1,0.071,1653461,False,False
202038,2020-09-17,190,PE,Recife,2611606,city,32959,1993.33398,111,2348,4,0.0712,1653461,False,False
202038,2020-09-16,189,PE,Recife,2611606,city,32848,1986.62079,133,2344,6,0.0714,1653461,False,False
202038,2020-09-15,188,PE,Recife,2611606,city,32715,1978.57706,106,2338,10,0.0715,1653461,False,False
202038,2020-09-14,187,PE,Recife,2611606,city,32609,1972.16626,100,2328,0,0.0714,1653461,False,False
202038,2020-09-13,186,PE,Recife,2611606,city,32509,1966.11834,140,2328,2,0.0716,1653461,False,False
202037,2020-09-12,185,PE,Recife,2611606,city,32369,1957.65125,136,2326,2,0.0719,1653461,False,False
202037,2020-09-11,184,PE,Recife,2611606,city,32233,1949.42608,217,2324,4,0.0721,1653461,False,False
202037,2020-09-10,183,PE,Recife,2611606,city,32016,1936.3021,213,2320,4,0.0725,1653461,False,False
202037,2020-09-09,182,PE,Recife,2611606,city,31803,1923.42003,143,2316,4,0.0728,1653461,False,False
202037,2020-09-08,181,PE,Recife,2611606,city,31660,1914.7715,33,2312,3,0.073,1653461,False,False
202037,2020-09-07,180,PE,Recife,2611606,city,31627,1912.77569,70,2309,7,0.073,1653461,False,False
202037,2020-09-06,179,PE,Recife,2611606,city,31557,1908.54214,0,2302,0,0.0729,1653461,False,True
202036,2020-09-05,178,PE,Recife,2611606,city,31557,1908.54214,-31,2302,-1,0.0729,1653461,False,False
202036,2020-09-04,177,PE,Recife,2611606,city,31588,1910.417,139,2303,7,0.0729,1653461,False,False
202036,2020-09-03,176,PE,Recife,2611606,city,31449,1902.01039,148,2296,3,0.073,1653461,False,False
202036,2020-09-02,175,PE,Recife,2611606,city,31301,1893.05947,158,2293,3,0.0733,1653461,False,False
202036,2020-09-01,174,PE,Recife,2611606,city,31143,1883.50375,-712,2290,4,0.0735,1653461,False,False
202036,2020-08-31,173,PE,Recife,2611606,city,31855,1926.56494,85,2286,3,0.0718,1653461,False,False
202036,2020-08-30,172,PE,Recife,2611606,city,31770,1921.42421,128,2283,1,0.0719,1653461,False,False
202035,2020-08-29,171,PE,Recife,2611606,city,31642,1913.68287,252,2282,6,0.0721,1653461,False,False
202035,2020-08-28,170,PE,Recife,2611606,city,31390,1898.44212,168,2276,8,0.0725,1653461,False,False
202035,2020-08-27,169,PE,Recife,2611606,city,31222,1888.28161,151,2268,7,0.0726,1653461,False,False
202035,2020-08-26,168,PE,Recife,2611606,city,31071,1879.14925,181,2261,11,0.0728,1653461,False,False
202035,2020-08-25,167,PE,Recife,2611606,city,30890,1868.20252,102,2250,3,0.0728,1653461,False,False
202035,2020-08-24,166,PE,Recife,2611606,city,30788,1862.03364,51,2247,3,0.073,1653461,False,False
202035,2020-08-23,165,PE,Recife,2611606,city,30737,1858.9492,200,2244,4,0.073,1653461,False,False
202034,2020-08-22,164,PE,Recife,2611606,city,30537,1846.85336,102,2240,4,0.0734,1653461,False,False
202034,2020-08-21,163,PE,Recife,2611606,city,30435,1840.68448,236,2236,2,0.0735,1653461,False,False
202034,2020-08-20,162,PE,Recife,2611606,city,30199,1826.41139,149,2234,0,0.074,1653461,False,False
202034,2020-08-19,161,PE,Recife,2611606,city,30050,1817.39999,190,2234,4,0.0743,1653461,False,False
202034,2020-08-18,160,PE,Recife,2611606,city,29860,1805.90894,142,2230,10,0.0747,1653461,False,False
202034,2020-08-17,159,PE,Recife,2611606,city,29718,1797.32089,57,2220,4,0.0747,1653461,False,False
202034,2020-08-16,158,PE,Recife,2611606,city,29661,1793.87358,184,2216,2,0.0747,1653461,False,False
202033,2020-08-15,157,PE,Recife,2611606,city,29477,1782.7454,272,2214,10,0.0751,1653461,False,False
202033,2020-08-14,156,PE,Recife,2611606,city,29205,1766.29506,255,2204,5,0.0755,1653461,False,False
202033,2020-08-13,155,PE,Recife,2611606,city,28950,1750.87287,192,2199,5,0.076,1653461,False,False
202033,2020-08-12,154,PE,Recife,2611606,city,28758,1739.26086,254,2194,9,0.0763,1653461,False,False
202033,2020-08-11,153,PE,Recife,2611606,city,28504,1723.89914,134,2185,3,0.0767,1653461,False,False
202033,2020-08-10,152,PE,Recife,2611606,city,28370,1715.79493,42,2182,2,0.0769,1653461,False,False
202033,2020-08-09,151,PE,Recife,2611606,city,28328,1713.2548,144,2180,3,0.077,1653461,False,False
202032,2020-08-08,150,PE,Recife,2611606,city,28184,1704.5458,185,2177,6,0.0772,1653461,False,False
202032,2020-08-07,149,PE,Recife,2611606,city,27999,1693.35715,209,2171,10,0.0775,1653461,False,False
202032,2020-08-06,148,PE,Recife,2611606,city,27790,1680.71699,162,2161,13,0.0778,1653461,False,False
202032,2020-08-05,147,PE,Recife,2611606,city,27628,1670.91936,218,2148,6,0.0777,1653461,False,False
202032,2020-08-04,146,PE,Recife,2611606,city,27410,1657.7349,101,2142,9,0.0781,1653461,False,False
202032,2020-08-03,145,PE,Recife,2611606,city,27309,1651.6265,67,2133,3,0.0781,1653461,False,False
202032,2020-08-02,144,PE,Recife,2611606,city,27242,1647.57439,179,2130,2,0.0782,1653461,False,False
202031,2020-08-01,143,PE,Recife,2611606,city,27063,1636.74861,358,2128,1,0.0786,1653461,False,False
202031,2020-07-31,142,PE,Recife,2611606,city,26705,1615.09706,225,2127,7,0.0796,1653461,False,False
202031,2020-07-30,141,PE,Recife,2611606,city,26480,1601.48924,203,2120,11,0.0801,1653461,False,False
202031,2020-07-29,140,PE,Recife,2611606,city,26277,1589.21196,266,2109,14,0.0803,1653461,False,False
202031,2020-07-28,139,PE,Recife,2611606,city,26011,1573.12449,154,2095,9,0.0805,1653461,False,False
202031,2020-07-27,138,PE,Recife,2611606,city,25857,1563.8107,117,2086,2,0.0807,1653461,False,False
202031,2020-07-26,137,PE,Recife,2611606,city,25740,1556.73463,311,2084,5,0.081,1653461,False,False
202030,2020-07-25,136,PE,Recife,2611606,city,25429,1537.9256,288,2079,10,0.0818,1653461,False,False
202030,2020-07-24,135,PE,Recife,2611606,city,25141,1520.50759,276,2069,7,0.0823,1653461,False,False
202030,2020-07-23,134,PE,Recife,2611606,city,24865,1503.81533,353,2062,6,0.0829,1653461,False,False
202030,2020-07-22,133,PE,Recife,2611606,city,24512,1482.46617,146,2056,16,0.0839,1653461,False,False
202030,2020-07-21,132,PE,Recife,2611606,city,24366,1473.63621,58,2040,4,0.0837,1653461,False,False
202030,2020-07-20,131,PE,Recife,2611606,city,24308,1470.12842,151,2036,1,0.0838,1653461,False,False
202030,2020-07-19,130,PE,Recife,2611606,city,24157,1460.99606,188,2035,3,0.0842,1653461,False,False
202029,2020-07-18,129,PE,Recife,2611606,city,23969,1449.62597,130,2032,8,0.0848,1653461,False,False
202029,2020-07-17,128,PE,Recife,2611606,city,23839,1441.76367,227,2024,4,0.0849,1653461,False,False
202029,2020-07-16,127,PE,Recife,2611606,city,23612,1428.03489,179,2020,23,0.0855,1653461,False,False
202029,2020-07-15,126,PE,Recife,2611606,city,23433,1417.20911,239,1997,12,0.0852,1653461,False,False
202029,2020-07-14,125,PE,Recife,2611606,city,23194,1402.75459,120,1985,11,0.0856,1653461,False,False
202029,2020-07-13,124,PE,Recife,2611606,city,23074,1395.49708,83,1974,6,0.0856,1653461,False,False
202029,2020-07-12,123,PE,Recife,2611606,city,22991,1390.47731,242,1968,2,0.0856,1653461,False,False
202028,2020-07-11,122,PE,Recife,2611606,city,22749,1375.84134,236,1966,12,0.0864,1653461,False,False
202028,2020-07-10,121,PE,Recife,2611606,city,22513,1361.56825,215,1954,8,0.0868,1653461,False,False
202028,2020-07-09,120,PE,Recife,2611606,city,22298,1348.56522,206,1946,19,0.0873,1653461,False,False
202028,2020-07-08,119,PE,Recife,2611606,city,22092,1336.10651,253,1927,3,0.0872,1653461,False,False
202028,2020-07-07,118,PE,Recife,2611606,city,21839,1320.80527,100,1924,27,0.0881,1653461,False,False
202028,2020-07-06,117,PE,Recife,2611606,city,21739,1314.75735,56,1897,-1,0.0873,1653461,False,False
202028,2020-07-05,116,PE,Recife,2611606,city,21683,1311.37051,283,1898,6,0.0875,1653461,False,False
202027,2020-07-04,115,PE,Recife,2611606,city,21400,1294.2549,145,1892,9,0.0884,1653461,False,False
202027,2020-07-03,114,PE,Recife,2611606,city,21255,1285.48542,152,1883,11,0.0886,1653461,False,False
202027,2020-07-02,113,PE,Recife,2611606,city,21103,1276.29258,208,1872,21,0.0887,1653461,False,False
202027,2020-07-01,112,PE,Recife,2611606,city,20895,1263.7129,166,1851,26,0.0886,1653461,False,False
202027,2020-06-30,111,PE,Recife,2611606,city,20729,1253.67336,73,1825,9,0.088,1653461,False,False
202027,2020-06-29,110,PE,Recife,2611606,city,20656,1249.25837,78,1816,9,0.0879,1653461,False,False
202027,2020-06-28,109,PE,Recife,2611606,city,20578,1244.541,137,1807,4,0.0878,1653461,False,False
202026,2020-06-27,108,PE,Recife,2611606,city,20441,1236.25535,166,1803,22,0.0882,1653461,False,False
202026,2020-06-26,107,PE,Recife,2611606,city,20275,1226.2158,110,1781,38,0.0878,1653461,False,False
202026,2020-06-25,106,PE,Recife,2611606,city,20165,1219.56309,190,1743,24,0.0864,1653461,False,False
202026,2020-06-24,105,PE,Recife,2611606,city,19975,1208.07204,257,1719,34,0.0861,1653461,False,False
202026,2020-06-23,104,PE,Recife,2611606,city,19718,1192.52888,39,1685,23,0.0855,1653461,False,False
202026,2020-06-22,103,PE,Recife,2611606,city,19679,1190.17019,66,1662,-1,0.0845,1653461,False,False
202026,2020-06-21,102,PE,Recife,2611606,city,19613,1186.17857,234,1663,48,0.0848,1653461,False,False
202025,2020-06-20,101,PE,Recife,2611606,city,19379,1172.02643,187,1615,7,0.0833,1653461,False,False
202025,2020-06-19,100,PE,Recife,2611606,city,19192,1160.71682,201,1608,14,0.0838,1653461,False,False
202025,2020-06-18,99,PE,Recife,2611606,city,18991,1148.5605,229,1594,10,0.0839,1653461,False,False
202025,2020-06-17,98,PE,Recife,2611606,city,18762,1134.71077,247,1584,21,0.0844,1653461,False,False
202025,2020-06-16,97,PE,Recife,2611606,city,18515,1119.7724,182,1563,25,0.0844,1653461,False,False
202025,2020-06-15,96,PE,Recife,2611606,city,18333,1108.76519,80,1538,9,0.0839,1653461,False,False
202025,2020-06-14,95,PE,Recife,2611606,city,18253,1103.92685,151,1529,45,0.0838,1653461,False,False
202024,2020-06-13,94,PE,Recife,2611606,city,18102,1094.79449,236,1484,45,0.082,1653461,False,False
202024,2020-06-12,93,PE,Recife,2611606,city,17866,1080.5214,181,1439,37,0.0805,1653461,False,False
202024,2020-06-11,92,PE,Recife,2611606,city,17685,1069.57467,308,1402,41,0.0793,1653461,False,False
202024,2020-06-10,91,PE,Recife,2611606,city,17377,1050.94707,244,1361,46,0.0783,1653461,False,False
202024,2020-06-09,90,PE,Recife,2611606,city,17133,1036.19015,96,1315,45,0.0768,1653461,False,False
202024,2020-06-08,89,PE,Recife,2611606,city,17037,1030.38415,128,1270,28,0.0745,1653461,False,False
202024,2020-06-07,88,PE,Recife,2611606,city,16909,1022.64281,214,1242,7,0.0735,1653461,False,False
202023,2020-06-06,87,PE,Recife,2611606,city,16695,1009.70026,175,1235,28,0.074,1653461,False,False
202023,2020-06-05,86,PE,Recife,2611606,city,16520,999.1164,270,1207,30,0.0731,1653461,False,False
202023,2020-06-04,85,PE,Recife,2611606,city,16250,982.78701,273,1177,57,0.0724,1653461,False,False
202023,2020-06-03,84,PE,Recife,2611606,city,15977,966.27619,228,1120,20,0.0701,1653461,False,False
202023,2020-06-02,83,PE,Recife,2611606,city,15749,952.48693,184,1100,3,0.0698,1653461,False,False
202023,2020-06-01,82,PE,Recife,2611606,city,15565,941.35876,91,1097,16,0.0705,1653461,False,False
202023,2020-05-31,81,PE,Recife,2611606,city,15474,935.85515,309,1081,17,0.0699,1653461,False,False
202022,2020-05-30,80,PE,Recife,2611606,city,15165,917.16708,333,1064,24,0.0702,1653461,False,False
202022,2020-05-29,79,PE,Recife,2611606,city,14832,897.02751,467,1040,36,0.0701,1653461,False,False
202022,2020-05-28,78,PE,Recife,2611606,city,14365,868.78372,279,1004,37,0.0699,1653461,False,False
202022,2020-05-27,77,PE,Recife,2611606,city,14086,851.91002,374,967,65,0.0686,1653461,False,False
202022,2020-05-26,76,PE,Recife,2611606,city,13712,829.2908,163,902,37,0.0658,1653461,False,False
202022,2020-05-25,75,PE,Recife,2611606,city,13549,819.43269,252,865,14,0.0638,1653461,False,False
202022,2020-05-24,74,PE,Recife,2611606,city,13297,804.19193,373,851,16,0.064,1653461,False,False
202021,2020-05-23,73,PE,Recife,2611606,city,12924,781.63319,401,835,32,0.0646,1653461,False,False
202021,2020-05-22,72,PE,Recife,2611606,city,12523,757.38103,939,803,56,0.0641,1653461,False,False
202021,2020-05-21,71,PE,Recife,2611606,city,11584,700.59106,530,747,32,0.0645,1653461,False,False
202021,2020-05-20,70,PE,Recife,2611606,city,11054,668.53709,493,715,33,0.0647,1653461,False,False
202021,2020-05-19,69,PE,Recife,2611606,city,10561,638.72084,514,682,37,0.0646,1653461,False,False
202021,2020-05-18,68,PE,Recife,2611606,city,10047,607.63453,275,645,49,0.0642,1653461,False,False
202021,2020-05-17,67,PE,Recife,2611606,city,9772,591.00275,359,596,23,0.061,1653461,False,False
202020,2020-05-16,66,PE,Recife,2611606,city,9413,569.29072,1061,573,35,0.0609,1653461,False,False
202020,2020-05-15,65,PE,Recife,2611606,city,8352,505.12229,256,538,31,0.0644,1653461,False,False
202020,2020-05-14,64,PE,Recife,2611606,city,8096,489.63961,339,507,28,0.0626,1653461,False,False
202020,2020-05-13,63,PE,Recife,2611606,city,7757,469.13716,280,479,29,0.0618,1653461,False,False
202020,2020-05-12,62,PE,Recife,2611606,city,7477,452.20299,253,450,25,0.0602,1653461,False,False
202020,2020-05-11,61,PE,Recife,2611606,city,7224,436.90175,240,425,10,0.0588,1653461,False,False
202020,2020-05-10,60,PE,Recife,2611606,city,6984,422.38674,403,415,30,0.0594,1653461,False,False
202019,2020-05-09,59,PE,Recife,2611606,city,6581,398.01362,806,385,31,0.0585,1653461,False,False
202019,2020-05-08,58,PE,Recife,2611606,city,5775,349.26739,0,354,0,0.0613,1653461,False,False
202019,2020-05-07,57,PE,Recife,2611606,city,5775,349.26739,968,354,59,0.0613,1653461,False,False
202019,2020-05-06,56,PE,Recife,2611606,city,4807,290.72352,0,295,0,0.0614,1653461,False,True
202019,2020-05-05,55,PE,Recife,2611606,city,4807,290.72352,0,295,0,0.0614,1653461,False,False
202019,2020-05-04,54,PE,Recife,2611606,city,4807,290.72352,105,295,22,0.0614,1653461,False,False
202019,2020-05-03,53,PE,Recife,2611606,city,4702,284.3732,249,273,6,0.0581,1653461,False,False
202018,2020-05-02,52,PE,Recife,2611606,city,4453,269.31388,432,267,10,0.06,1653461,False,False
202018,2020-05-01,51,PE,Recife,2611606,city,4021,243.18687,241,257,7,0.0639,1653461,False,False
202018,2020-04-30,50,PE,Recife,2611606,city,3780,228.61138,357,250,14,0.0661,1653461,False,False
202018,2020-04-29,49,PE,Recife,2611606,city,3423,207.0203,265,236,17,0.0689,1653461,False,False
202018,2020-04-28,48,PE,Recife,2611606,city,3158,190.99332,187,219,24,0.0693,1653461,False,False
202018,2020-04-27,47,PE,Recife,2611606,city,2971,179.68371,249,195,13,0.0656,1653461,False,False
202018,2020-04-26,46,PE,Recife,2611606,city,2722,164.62438,946,182,18,0.0669,1653461,False,False
202017,2020-04-25,45,PE,Recife,2611606,city,1776,107.41106,129,164,12,0.0923,1653461,False,False
202017,2020-04-24,44,PE,Recife,2611606,city,1647,99.60924,-415,152,14,0.0923,1653461,False,False
202017,2020-04-23,43,PE,Recife,2611606,city,2062,124.70811,158,138,14,0.0669,1653461,False,False
202017,2020-04-22,42,PE,Recife,2611606,city,1904,115.1524,217,124,10,0.0651,1653461,False,False
202017,2020-04-21,41,PE,Recife,2611606,city,1687,102.02841,135,114,7,0.0676,1653461,False,False
202017,2020-04-20,40,PE,Recife,2611606,city,1552,93.86372,153,107,7,0.0689,1653461,False,False
202017,2020-04-19,39,PE,Recife,2611606,city,1399,84.6104,144,100,6,0.0715,1653461,False,False
202016,2020-04-18,38,PE,Recife,2611606,city,1255,75.9014,119,94,9,0.0749,1653461,False,False
202016,2020-04-17,37,PE,Recife,2611606,city,1136,68.70437,178,85,15,0.0748,1653461,False,False
202016,2020-04-16,36,PE,Recife,2611606,city,958,57.93907,101,70,8,0.0731,1653461,False,False
202016,2020-04-15,35,PE,Recife,2611606,city,857,51.83068,124,62,12,0.0723,1653461,False,False
202016,2020-04-14,34,PE,Recife,2611606,city,733,44.33125,61,50,4,0.0682,1653461,False,False
202016,2020-04-13,33,PE,Recife,2611606,city,672,40.64202,115,46,9,0.0685,1653461,False,False
202016,2020-04-12,32,PE,Recife,2611606,city,557,33.68691,71,37,3,0.0664,1653461,False,False
202015,2020-04-11,31,PE,Recife,2611606,city,486,29.39289,73,34,2,0.07,1653461,False,False
202015,2020-04-10,30,PE,Recife,2611606,city,413,24.97791,73,32,5,0.0775,1653461,False,False
202015,2020-04-09,29,PE,Recife,2611606,city,340,20.56293,86,27,6,0.0794,1653461,False,False
202015,2020-04-08,28,PE,Recife,2611606,city,254,15.36172,33,21,3,0.0827,1653461,False,False
202015,2020-04-07,27,PE,Recife,2611606,city,221,13.3659,75,18,2,0.0814,1653461,False,False
202015,2020-04-06,26,PE,Recife,2611606,city,146,8.82996,7,16,2,0.1096,1653461,False,False
202015,2020-04-05,25,PE,Recife,2611606,city,139,8.40661,20,14,4,0.1007,1653461,False,False
202014,2020-04-04,24,PE,Recife,2611606,city,119,7.19702,27,10,4,0.084,1653461,False,False
202014,2020-04-03,23,PE,Recife,2611606,city,92,5.56409,18,6,0,0.0652,1653461,False,False
202014,2020-04-02,22,PE,Recife,2611606,city,74,4.47546,10,6,1,0.0811,1653461,False,False
202014,2020-04-01,21,PE,Recife,2611606,city,64,3.87067,6,5,1,0.0781,1653461,False,False
202014,2020-03-31,20,PE,Recife,2611606,city,58,3.50779,6,4,0,0.069,1653461,False,False
202014,2020-03-30,19,PE,Recife,2611606,city,52,3.14492,2,4,0,0.0769,1653461,False,False
202014,2020-03-29,18,PE,Recife,2611606,city,50,3.02396,4,4,0,0.08,1653461,False,False
202013,2020-03-28,17,PE,Recife,2611606,city,46,2.78204,8,4,1,0.087,1653461,False,False
202013,2020-03-27,16,PE,Recife,2611606,city,38,2.29821,5,3,1,0.0789,1653461,False,False
202013,2020-03-26,15,PE,Recife,2611606,city,33,1.99581,2,2,1,0.0606,1653461,False,False
202013,2020-03-25,14,PE,Recife,2611606,city,31,1.87486,1,1,1,0.0323,1653461,False,False
202013,2020-03-24,13,PE,Recife,2611606,city,30,1.81438,0,0,0,0.0,1653461,False,False
202013,2020-03-23,12,PE,Recife,2611606,city,30,1.81438,2,0,0,0.0,1653461,False,False
202013,2020-03-22,11,PE,Recife,2611606,city,28,1.69342,3,0,0,0.0,1653461,False,False
202012,2020-03-21,10,PE,Recife,2611606,city,25,1.51198,11,0,0,0.0,1653461,False,False
202012,2020-03-20,9,PE,Recife,2611606,city,14,0.84671,0,0,0,0.0,1653461,False,True
202012,2020-03-19,8,PE,Recife,2611606,city,14,0.84671,0,0,0,0.0,1653461,False,True
202012,2020-03-18,7,PE,Recife,2611606,city,14,0.84671,1,0,0,0.0,1653461,False,False
202012,2020-03-17,6,PE,Recife,2611606,city,13,0.78623,6,0,0,0.0,1653461,False,False
202012,2020-03-16,5,PE,Recife,2611606,city,7,0.42335,0,0,0,0.0,1653461,False,True
202012,2020-03-15,4,PE,Recife,2611606,city,7,0.42335,1,0,0,0.0,1653461,False,False
202011,2020-03-14,3,PE,Recife,2611606,city,6,0.36288,4,0,0,0.0,1653461,False,False
202011,2020-03-13,2,PE,Recife,2611606,city,2,0.12096,0,0,0,0.0,1653461,False,False
202011,2020-03-12,1,PE,Recife,2611606,city,2,0.12096,2,0,0,0.0,1653461,False,False
